algo,hour,min,sec
KMeans_short,0.0,0.0,3.3869647280000095
sklearnex_KMeans_short,0.0,0.0,1.8715232899999705
total,0.0,0.0,5.269668808000006
