algo,hour,min,sec
KMeans_short,0.0,0.0,4.085092218999989
sklearnex_KMeans_short,0.0,0.0,2.1878502499999968
total,0.0,0.0,6.285103652999965
