algo,hour,min,sec
KMeans_short,0.0,0.0,4.398808552999981
sklearnex_KMeans_short,0.0,0.0,2.347664251000026
total,0.0,0.0,6.761939611999992
