algo,hour,min,sec
KMeans_short,0.0,0.0,3.4355963240000165
sklearnex_KMeans_short,0.0,0.0,1.794571671999961
total,0.0,0.0,5.241522262000103
