algo,hour,min,sec
KMeans_short,0.0,0.0,2.863347377000025
sklearnex_KMeans_short,0.0,0.0,1.52797754300002
total,0.0,0.0,4.401388408999992
